{"cameraMode":{"drawMode":0,"name":"Shaded","section":"Shading Mode"},"sceneLighting":false,"audioPlay":false,"sceneViewState":{"showFog":true,"showMaterialUpdate":false,"showSkybox":true,"showFlares":true,"showImageEffects":true,"showParticleSystems":true},"in2DMode":false,"pivot":{"x":-1.654415488243103,"y":0.7760488986968994,"z":-0.17192918062210084},"rotation":{"x":0.011758673004806042,"y":-0.9849864840507507,"z":0.15522921085357667,"w":0.07461417466402054},"size":0.8202393054962158,"orthographic":false}