{"cameraMode":{"drawMode":0,"name":"Shaded","section":"Shading Mode"},"sceneLighting":true,"audioPlay":false,"sceneViewState":{"showFog":true,"showMaterialUpdate":false,"showSkybox":true,"showFlares":true,"showImageEffects":true,"showParticleSystems":true},"in2DMode":false,"pivot":{"x":-1.7004684209823609,"y":0.6849974989891052,"z":-0.24080097675323487},"rotation":{"x":-0.16044585406780244,"y":0.7661564946174622,"z":-0.2098228633403778,"w":-0.5858632326126099},"size":2.9499776363372804,"orthographic":false}