{"cameraMode":{"drawMode":0,"name":"Shaded","section":"Shading Mode"},"sceneLighting":false,"audioPlay":false,"sceneViewState":{"showFog":true,"showMaterialUpdate":false,"showSkybox":true,"showFlares":true,"showImageEffects":true,"showParticleSystems":true},"in2DMode":false,"pivot":{"x":-1.3120200634002686,"y":0.6573395729064941,"z":-0.23446792364120484},"rotation":{"x":-0.002668921835720539,"y":-0.9959250688552856,"z":0.08416748046875,"w":-0.03227808326482773},"size":1.0602725744247437,"orthographic":false}