{"cameraMode":{"drawMode":0,"name":"Shaded","section":"Shading Mode"},"sceneLighting":true,"audioPlay":false,"sceneViewState":{"showFog":true,"showMaterialUpdate":true,"showSkybox":true,"showFlares":true,"showImageEffects":true,"showParticleSystems":true},"in2DMode":false,"pivot":{"x":-1.4782416820526124,"y":0.5850913524627686,"z":-0.3823246955871582},"rotation":{"x":0.0010187122970819474,"y":-0.9954802393913269,"z":0.09435398131608963,"w":0.010747263208031655},"size":1.1130218505859376,"orthographic":false}