{"cameraMode":{"drawMode":0,"name":"Shaded","section":"Shading Mode"},"sceneLighting":true,"audioPlay":false,"sceneViewState":{"showFog":true,"showMaterialUpdate":true,"showSkybox":true,"showFlares":true,"showImageEffects":true,"showParticleSystems":true},"in2DMode":false,"pivot":{"x":-1.334259033203125,"y":1.0309829711914063,"z":-0.1646728515625},"rotation":{"x":0.004138842690736055,"y":-0.9790642857551575,"z":0.019971882924437524,"w":0.20252692699432374},"size":1.1719961166381837,"orthographic":true}