{"cameraMode":{"drawMode":0,"name":"Shaded","section":"Shading Mode"},"sceneLighting":true,"audioPlay":false,"sceneViewState":{"showFog":true,"showMaterialUpdate":true,"showSkybox":true,"showFlares":true,"showImageEffects":true,"showParticleSystems":true},"in2DMode":false,"pivot":{"x":-1.3982000350952149,"y":0.750249981880188,"z":-0.40702521800994875},"rotation":{"x":0.00039459404069930315,"y":-0.9928032755851746,"z":0.11971163749694824,"w":0.0032719254959374668},"size":1.1130218505859376,"orthographic":false}