{"cameraMode":{"drawMode":0,"name":"Shaded","section":"Shading Mode"},"sceneLighting":true,"audioPlay":false,"sceneViewState":{"showFog":true,"showMaterialUpdate":true,"showSkybox":true,"showFlares":true,"showImageEffects":true,"showParticleSystems":true},"in2DMode":false,"pivot":{"x":-1.743408203125,"y":0.792755126953125,"z":-0.05487060546875},"rotation":{"x":0.002536538988351822,"y":-0.9950506687164307,"z":0.026272274553775789,"w":0.09579969197511673},"size":0.46510717272758486,"orthographic":true}